event_id,commence_time,home_team,away_team,has_odds
4f3f3b8a05f65c9938f8dff1229df5e3,2026-04-01T23:10:00Z,Orlando Magic,Atlanta Hawks,True
ccecac4a3706f43f36fd63ae97cbfc88,2026-04-01T23:10:00Z,Washington Wizards,Philadelphia 76ers,True
5f035331e20684a116344413531bab36,2026-04-01T23:30:00Z,Miami Heat,Boston Celtics,True
6f4627df908d38c70424ce6896309b37,2026-04-02T00:00:00Z,Houston Rockets,Milwaukee Bucks,True
d1686c3ffba608b202d00ecc3756d422,2026-04-02T00:00:00Z,Memphis Grizzlies,New York Knicks,True
333a6fd05a4f8492b95e9d9426450430,2026-04-02T00:00:00Z,Toronto Raptors,Sacramento Kings,True
1e9f8048801efb165d39e008270e4942,2026-04-02T00:10:00Z,Chicago Bulls,Indiana Pacers,True
8b86324be55670d1f3c59008ae771dac,2026-04-02T01:10:00Z,Utah Jazz,Denver Nuggets,True
54540a1bafcd2e0cff9b5cd8a09e0bfa,2026-04-02T02:00:00Z,Golden State Warriors,San Antonio Spurs,True
